File,Predicted_Category,Probability
0001_processed.mp4,red-breasted merganser,0.5105641484260559
0002_processed.mp4,stretcher,0.38779476284980774
0003_processed.mp4,croquet ball,0.36126717925071716
0004_processed.mp4,bobsled,0.44303783774375916
0005_processed.mp4,knee pad,0.12100876122713089
0006_processed.mp4,jigsaw puzzle,0.22865626215934753
0007_processed.mp4,restaurant,0.7975664138793945
0008_processed.mp4,screen,0.147347092628479
0009_processed.mp4,potter's wheel,0.204239621758461
0010_processed.mp4,theater curtain,0.8632769584655762
0011_processed.mp4,scoreboard,0.4470389783382416
0012_processed.mp4,passenger car,0.46009910106658936
0013_processed.mp4,Ibizan hound,0.6616833209991455
0014_processed.mp4,candle,0.5476006865501404
0015_processed.mp4,parachute,0.20242315530776978
0016_processed.mp4,nipple,0.4901013970375061
0017_processed.mp4,scoreboard,0.1945876032114029
0018_processed.mp4,shovel,0.866653323173523
0019_processed.mp4,fox squirrel,0.9999572038650513
0020_processed.mp4,Christmas stocking,0.344565212726593
0021_processed.mp4,jacamar,0.1873844861984253
0022_processed.mp4,restaurant,0.6116645932197571
0023_processed.mp4,tricycle,0.4605068266391754
0024_processed.mp4,Indian elephant,0.9404058456420898
0025_processed.mp4,warplane,0.5337638854980469
0026_processed.mp4,passenger car,0.31469306349754333
0027_processed.mp4,stage,0.3856621980667114
0028_processed.mp4,banjo,0.5486275553703308
0029_processed.mp4,drum,0.8274838328361511
0030_processed.mp4,diaper,0.2529478073120117
0031_processed.mp4,ski,0.9852539896965027
0032_processed.mp4,rock beauty,0.565241277217865
0033_processed.mp4,go-kart,0.09487598389387131
0034_processed.mp4,bicycle-built-for-two,0.9744039177894592
0035_processed.mp4,dogsled,0.5148239731788635
0036_processed.mp4,tabby,0.3244691789150238
0037_processed.mp4,hot pot,0.7827306985855103
0038_processed.mp4,ski,0.948192834854126
0039_processed.mp4,solar dish,0.33502426743507385
0040_processed.mp4,trailer truck,0.10989111661911011
0041_processed.mp4,lawn mower,0.9009163975715637
0042_processed.mp4,racket,0.535638153553009
0043_processed.mp4,scuba diver,0.9144769906997681
0044_processed.mp4,alp,0.18992437422275543
0045_processed.mp4,ice lolly,0.12531669437885284
0046_processed.mp4,valley,0.8399313688278198
0047_processed.mp4,aircraft carrier,0.849132776260376
0048_processed.mp4,swing,0.9983488321304321
0049_processed.mp4,stage,0.09621483087539673
0050_processed.mp4,racket,0.4410709738731384
0051_processed.mp4,lawn mower,0.382540225982666
0052_processed.mp4,Afghan hound,0.18955697119235992
0053_processed.mp4,parachute,0.1842668503522873
0054_processed.mp4,fountain,0.8894920945167542
0055_processed.mp4,candle,0.6062726378440857
0056_processed.mp4,promontory,0.6538899540901184
0057_processed.mp4,dam,0.9994279742240906
0058_processed.mp4,theater curtain,0.4257177710533142
0059_processed.mp4,ski,0.3653247356414795
0060_processed.mp4,restaurant,0.074538953602314
0061_processed.mp4,ping-pong ball,0.45152536034584045
0062_processed.mp4,macaw,0.5922026634216309
0063_processed.mp4,frying pan,0.2314259111881256
0064_processed.mp4,trailer truck,0.47033652663230896
0065_processed.mp4,television,0.7171953320503235
0066_processed.mp4,overskirt,0.43710118532180786
0067_processed.mp4,drum,0.4364754259586334
0068_processed.mp4,grocery store,0.8812568187713623
0069_processed.mp4,stretcher,0.0674639493227005
0070_processed.mp4,Rhodesian ridgeback,0.8406373858451843
0071_processed.mp4,sports car,0.20653478801250458
0072_processed.mp4,library,0.22309206426143646
0073_processed.mp4,shovel,0.6672499179840088
0074_processed.mp4,slot,0.16150934994220734
0075_processed.mp4,candle,0.2332335114479065
0076_processed.mp4,speedboat,0.924655020236969
0077_processed.mp4,barrow,0.180284783244133
0078_processed.mp4,tub,0.25847890973091125
0079_processed.mp4,bicycle-built-for-two,0.39431971311569214
0080_processed.mp4,steel drum,0.3281974792480469
0081_processed.mp4,hamster,0.9146188497543335
0082_processed.mp4,acoustic guitar,0.9578756093978882
0083_processed.mp4,espresso maker,0.6947113871574402
0084_processed.mp4,oxygen mask,0.7021690607070923
0085_processed.mp4,shovel,0.5815223455429077
0086_processed.mp4,nipple,0.5484253168106079
0087_processed.mp4,ski,0.3561076819896698
0088_processed.mp4,stove,0.3210285007953644
0089_processed.mp4,valley,0.9867469072341919
0090_processed.mp4,canoe,0.46613913774490356
0091_processed.mp4,racer,0.12979759275913239
0092_processed.mp4,warplane,0.9357730150222778
0093_processed.mp4,eggnog,0.34361109137535095
0094_processed.mp4,sturgeon,0.3480927646160126
0095_processed.mp4,ballplayer,0.7726576328277588
0096_processed.mp4,canoe,0.45247724652290344
0097_processed.mp4,theater curtain,0.9835700392723083
0098_processed.mp4,prison,0.21796397864818573
0099_processed.mp4,unicycle,0.18304643034934998
0100_processed.mp4,horizontal bar,0.8389772772789001
0101_processed.mp4,geyser,0.6205947399139404
0102_processed.mp4,diaper,0.1191505417227745
0103_processed.mp4,geyser,0.9994189739227295
0104_processed.mp4,drilling platform,0.466948539018631
0105_processed.mp4,tow truck,0.38573044538497925
0106_processed.mp4,mobile home,0.4754706025123596
0107_processed.mp4,crane,0.2795179486274719
0108_processed.mp4,speedboat,0.8630508184432983
0109_processed.mp4,plate,0.13720211386680603
0110_processed.mp4,catamaran,0.30912670493125916
0111_processed.mp4,cliff,0.221127450466156
0112_processed.mp4,valley,0.4306620657444
0113_processed.mp4,iron,0.6835106015205383
0114_processed.mp4,hot pot,0.3761247396469116
0115_processed.mp4,Sussex spaniel,0.7720507979393005
0116_processed.mp4,consomme,0.525871753692627
0117_processed.mp4,solar dish,0.4942801296710968
0118_processed.mp4,milk can,0.2741589844226837
0119_processed.mp4,theater curtain,0.192876935005188
0120_processed.mp4,speedboat,0.7331435084342957
0121_processed.mp4,jacamar,0.9486418962478638
0122_processed.mp4,tub,0.5726819634437561
0123_processed.mp4,pinwheel,0.09454967826604843
0124_processed.mp4,barbell,0.9395930767059326
0125_processed.mp4,unicycle,0.4299858510494232
0126_processed.mp4,geyser,0.2086983025074005
0127_processed.mp4,stage,0.11442910134792328
0128_processed.mp4,nipple,0.3951527774333954
0129_processed.mp4,library,0.2679867744445801
0130_processed.mp4,croquet ball,0.44370731711387634
0131_processed.mp4,schipperke,0.05081869661808014
0132_processed.mp4,carbonara,0.7635856866836548
0133_processed.mp4,tub,0.4801415503025055
0134_processed.mp4,electric locomotive,0.9621301889419556
0135_processed.mp4,football helmet,0.40979599952697754
0136_processed.mp4,wok,0.7718076109886169
0137_processed.mp4,tobacco shop,0.1981491893529892
0138_processed.mp4,speedboat,0.23573075234889984
0139_processed.mp4,snorkel,0.2378443330526352
0140_processed.mp4,racer,0.9093376398086548
0141_processed.mp4,bee,0.7059431076049805
0142_processed.mp4,horse cart,0.8972970843315125
0143_processed.mp4,garbage truck,0.22195936739444733
0144_processed.mp4,bathtub,0.10364087671041489
0145_processed.mp4,stretcher,0.33597320318222046
0146_processed.mp4,Angora,0.2362326979637146
0147_processed.mp4,moving van,0.4822365939617157
0148_processed.mp4,bathing cap,0.13884593546390533
0149_processed.mp4,maypole,0.33632218837738037
0150_processed.mp4,Dutch oven,0.6717666983604431
0151_processed.mp4,pajama,0.11317206919193268
0152_processed.mp4,electric ray,0.41016530990600586
0153_processed.mp4,guillotine,0.19699719548225403
0154_processed.mp4,rotisserie,0.9697508811950684
0155_processed.mp4,croquet ball,0.9889127612113953
0156_processed.mp4,stingray,0.6677324771881104
0157_processed.mp4,racket,0.5137432217597961
0158_processed.mp4,ballplayer,0.8190661072731018
0159_processed.mp4,geyser,0.8060234189033508
0160_processed.mp4,mountain bike,0.9863638281822205
0161_processed.mp4,toyshop,0.37837210297584534
0162_processed.mp4,diaper,0.2008356899023056
0163_processed.mp4,coral reef,0.7945711612701416
0164_processed.mp4,lumbermill,0.3942781090736389
0165_processed.mp4,maypole,0.4975498616695404
0166_processed.mp4,swing,0.9999650716781616
0167_processed.mp4,balance beam,0.10587135702371597
0168_processed.mp4,stretcher,0.18663166463375092
0169_processed.mp4,hammerhead,0.18821850419044495
0170_processed.mp4,whistle,0.5669920444488525
0171_processed.mp4,catamaran,0.45633792877197266
0172_processed.mp4,potter's wheel,0.9362372159957886
0173_processed.mp4,Boston bull,0.2124577760696411
0174_processed.mp4,swing,0.7248363494873047
0175_processed.mp4,jersey,0.13655908405780792
0176_processed.mp4,packet,0.1928647756576538
0177_processed.mp4,maraca,0.2366417646408081
0178_processed.mp4,tobacco shop,0.22372479736804962
0179_processed.mp4,tricycle,0.9971977472305298
0180_processed.mp4,stretcher,0.3088243305683136
0181_processed.mp4,library,0.6011803150177002
0182_processed.mp4,wallaby,0.09866137057542801
0183_processed.mp4,shopping basket,0.21219848096370697
0184_processed.mp4,mortar,0.2986910045146942
0185_processed.mp4,geyser,0.7536182403564453
0186_processed.mp4,stretcher,0.06799611449241638
0187_processed.mp4,candle,0.42796456813812256
0188_processed.mp4,scuba diver,0.8360124826431274
0189_processed.mp4,geyser,0.9458006024360657
0190_processed.mp4,ski,0.3920983374118805
0191_processed.mp4,scuba diver,0.7885830998420715
0192_processed.mp4,ballplayer,0.9084585309028625
0193_processed.mp4,potter's wheel,0.22829921543598175
0194_processed.mp4,Afghan hound,0.14131413400173187
0195_processed.mp4,maraca,0.37365275621414185
0196_processed.mp4,hand-held computer,0.13321591913700104
0197_processed.mp4,dumbbell,0.5077871084213257
0198_processed.mp4,stage,0.9382176995277405
0199_processed.mp4,hamper,0.1492103636264801
0200_processed.mp4,barbell,0.33677157759666443
0201_processed.mp4,cash machine,0.4860031008720398
0202_processed.mp4,beagle,0.8536240458488464
0203_processed.mp4,snowplow,0.48844748735427856
0204_processed.mp4,horizontal bar,0.22465510666370392
0205_processed.mp4,whistle,0.36911287903785706
0206_processed.mp4,horizontal bar,0.4328085482120514
0207_processed.mp4,trifle,0.05311103165149689
0208_processed.mp4,paper towel,0.9042590856552124
0209_processed.mp4,Windsor tie,0.401923805475235
0210_processed.mp4,dumbbell,0.21533551812171936
0211_processed.mp4,mortarboard,0.06295175105333328
0212_processed.mp4,swing,0.9372318983078003
0213_processed.mp4,American lobster,0.8095449805259705
0214_processed.mp4,cradle,0.1451542228460312
0215_processed.mp4,racer,0.8025647401809692
0216_processed.mp4,seashore,0.6317080855369568
0217_processed.mp4,swimming trunks,0.24730026721954346
0218_processed.mp4,speedboat,0.5571468472480774
0219_processed.mp4,howler monkey,0.0703248605132103
0220_processed.mp4,plunger,0.26379087567329407
0221_processed.mp4,caldron,0.18930372595787048
0222_processed.mp4,stretcher,0.1173393651843071
0223_processed.mp4,pajama,0.7344146966934204
0224_processed.mp4,canoe,0.3491325378417969
0225_processed.mp4,platypus,0.17858581244945526
0226_processed.mp4,reel,0.2950194478034973
0227_processed.mp4,ski,0.10016114264726639
0228_processed.mp4,paddle,0.29073771834373474
0229_processed.mp4,hot pot,0.4884548783302307
0230_processed.mp4,thresher,0.4579666554927826
0231_processed.mp4,snowmobile,0.6461626887321472
0232_processed.mp4,canoe,0.48668229579925537
0233_processed.mp4,tub,0.16685578227043152
0234_processed.mp4,neck brace,0.7668420672416687
0235_processed.mp4,plastic bag,0.0693865567445755
0236_processed.mp4,Dutch oven,0.2738613188266754
0237_processed.mp4,barrow,0.4393119812011719
0238_processed.mp4,toyshop,0.1555473506450653
0239_processed.mp4,unicycle,0.06756922602653503
0240_processed.mp4,Petri dish,0.5599178671836853
0241_processed.mp4,bearskin,0.30839189887046814
0242_processed.mp4,bookshop,0.5048248171806335
0243_processed.mp4,nipple,0.26040226221084595
0244_processed.mp4,ski,0.8475907444953918
0245_processed.mp4,American Staffordshire terrier,0.10240872204303741
0246_processed.mp4,tow truck,0.4708842933177948
0247_processed.mp4,nipple,0.8704766035079956
0248_processed.mp4,broom,0.30516913533210754
0249_processed.mp4,hyena,0.27476972341537476
0250_processed.mp4,Indian elephant,0.5074872374534607
0251_processed.mp4,speedboat,0.4010253846645355
0252_processed.mp4,toyshop,0.7160747647285461
0253_processed.mp4,catamaran,0.18808679282665253
0254_processed.mp4,space bar,0.5888309478759766
0255_processed.mp4,schipperke,0.7966344952583313
0256_processed.mp4,seashore,0.25169527530670166
0257_processed.mp4,stage,0.8790333271026611
0258_processed.mp4,stingray,0.13549263775348663
0259_processed.mp4,Shih-Tzu,0.09564723074436188
0260_processed.mp4,seashore,0.20015469193458557
0261_processed.mp4,Angora,0.25823161005973816
0262_processed.mp4,swing,0.24250665307044983
0263_processed.mp4,eggnog,0.2767044007778168
0264_processed.mp4,canoe,0.9430083632469177
0265_processed.mp4,speedboat,0.5525497794151306
0266_processed.mp4,photocopier,0.324773371219635
0267_processed.mp4,canoe,0.12242387235164642
0268_processed.mp4,gazelle,0.16889417171478271
0269_processed.mp4,ballplayer,0.6325861811637878
0270_processed.mp4,pedestal,0.4225970506668091
0271_processed.mp4,drilling platform,0.12437092512845993
0272_processed.mp4,American Staffordshire terrier,0.2166929990053177
0273_processed.mp4,acoustic guitar,0.9345648288726807
0274_processed.mp4,speedboat,0.48845112323760986
0275_processed.mp4,comic book,0.12089136242866516
0276_processed.mp4,grey whale,0.8066253662109375
0277_processed.mp4,lakeside,0.5345485210418701
0278_processed.mp4,comic book,0.49289947748184204
0279_processed.mp4,swab,0.4842398464679718
0280_processed.mp4,orangutan,0.9915807843208313
0281_processed.mp4,cliff,0.3490022122859955
0282_processed.mp4,tripod,0.14493173360824585
0283_processed.mp4,tricycle,0.4820266664028168
0284_processed.mp4,seashore,0.4973975718021393
0285_processed.mp4,theater curtain,0.1193024143576622
0286_processed.mp4,giant panda,0.16949690878391266
0287_processed.mp4,tricycle,0.668329656124115
0288_processed.mp4,kelpie,0.5550135374069214
0289_processed.mp4,tiger shark,0.5459839701652527
0290_processed.mp4,canoe,0.8251073956489563
0291_processed.mp4,volleyball,0.589372992515564
0292_processed.mp4,acoustic guitar,0.2205227166414261
0293_processed.mp4,solar dish,0.36435216665267944
0294_processed.mp4,rocking chair,0.20793403685092926
0295_processed.mp4,submarine,0.17309345304965973
0296_processed.mp4,gar,0.7234308123588562
0297_processed.mp4,plunger,0.8858539462089539
0298_processed.mp4,canoe,0.32068192958831787
0299_processed.mp4,alp,0.42068883776664734
0300_processed.mp4,balance beam,0.6802876591682434
0301_processed.mp4,volcano,0.997907280921936
0302_processed.mp4,hand blower,0.06103402376174927
0303_processed.mp4,modem,0.32967740297317505
0304_processed.mp4,speedboat,0.8834444284439087
0305_processed.mp4,grocery store,0.9401435852050781
0306_processed.mp4,lab coat,0.1546252965927124
0307_processed.mp4,Arabian camel,0.9848909974098206
0308_processed.mp4,goldfish,0.3163546621799469
0309_processed.mp4,planetarium,0.2767893671989441
0310_processed.mp4,paddle,0.13561305403709412
0311_processed.mp4,mountain bike,0.9753568172454834
0312_processed.mp4,sports car,0.7879806756973267
0313_processed.mp4,maypole,0.16826224327087402
0314_processed.mp4,thresher,0.2642172873020172
0315_processed.mp4,apiary,0.546948254108429
0316_processed.mp4,unicycle,0.626362681388855
0317_processed.mp4,nipple,0.9690299034118652
0318_processed.mp4,American lobster,0.7099133729934692
0319_processed.mp4,fox squirrel,0.8181754350662231
0320_processed.mp4,grocery store,0.13140051066875458
0321_processed.mp4,rotisserie,0.31817445158958435
0322_processed.mp4,volleyball,0.9745684862136841
0323_processed.mp4,French horn,0.7097355127334595
0324_processed.mp4,ballplayer,0.43569979071617126
0325_processed.mp4,bakery,0.6601818799972534
0326_processed.mp4,nipple,0.8902190327644348
0327_processed.mp4,seashore,0.16524262726306915
0328_processed.mp4,lab coat,0.1259983479976654
0329_processed.mp4,restaurant,0.37490448355674744
0330_processed.mp4,rule,0.17881162464618683
0331_processed.mp4,military uniform,0.2795852720737457
0332_processed.mp4,croquet ball,0.06263365596532822
0333_processed.mp4,swing,0.5307506322860718
0334_processed.mp4,snorkel,0.5137330889701843
0335_processed.mp4,streetcar,0.27481114864349365
0336_processed.mp4,potter's wheel,0.6753411889076233
0337_processed.mp4,snowmobile,0.5424190163612366
0338_processed.mp4,garbage truck,0.4044189751148224
0339_processed.mp4,swing,0.17538361251354218
0340_processed.mp4,wardrobe,0.1774328351020813
0341_processed.mp4,fox squirrel,0.6116765141487122
0342_processed.mp4,knee pad,0.15953771770000458
0343_processed.mp4,otter,0.9546712040901184
0344_processed.mp4,abacus,0.9335851669311523
0345_processed.mp4,lakeside,0.16481922566890717
0346_processed.mp4,orange,0.6185600161552429
0347_processed.mp4,snowmobile,0.9546601176261902
0348_processed.mp4,beagle,0.6595695614814758
0349_processed.mp4,ballplayer,0.5159931778907776
0350_processed.mp4,soccer ball,0.25383785367012024
0351_processed.mp4,shovel,0.3590575158596039
0352_processed.mp4,stretcher,0.34065115451812744
0353_processed.mp4,bib,0.42478325963020325
0354_processed.mp4,barbell,0.11353348940610886
0355_processed.mp4,cornet,0.21304106712341309
0356_processed.mp4,sewing machine,0.17367663979530334
0357_processed.mp4,ocarina,0.4053105115890503
0358_processed.mp4,stove,0.596862256526947
0359_processed.mp4,dishrag,0.2900577783584595
0360_processed.mp4,geyser,0.3239641487598419
0361_processed.mp4,potter's wheel,0.14193585515022278
0362_processed.mp4,jellyfish,0.43358317017555237
0363_processed.mp4,balance beam,0.2548222839832306
0364_processed.mp4,prison,0.3989561200141907
0365_processed.mp4,window screen,0.08283289521932602
0366_processed.mp4,quill,0.7847413420677185
0367_processed.mp4,redbone,0.12252654135227203
0368_processed.mp4,trailer truck,0.09657733142375946
0369_processed.mp4,swimming trunks,0.47886937856674194
0370_processed.mp4,cocker spaniel,0.22440367937088013
0371_processed.mp4,consomme,0.2436588555574417
0372_processed.mp4,hot pot,0.22861850261688232
0373_processed.mp4,Indian elephant,0.7364703416824341
0374_processed.mp4,ballplayer,0.9529854655265808
0375_processed.mp4,ballplayer,0.1871955394744873
0376_processed.mp4,go-kart,0.6190537214279175
0377_processed.mp4,cliff,0.8349984288215637
0378_processed.mp4,bathing cap,0.9358816146850586
0379_processed.mp4,volleyball,0.684496283531189
0380_processed.mp4,toyshop,0.32363975048065186
0381_processed.mp4,hot pot,0.3977583050727844
0382_processed.mp4,paddle,0.43440404534339905
0383_processed.mp4,potter's wheel,0.578903317451477
0384_processed.mp4,pajama,0.08371443301439285
0385_processed.mp4,tow truck,0.38556066155433655
0386_processed.mp4,Petri dish,0.1853938102722168
0387_processed.mp4,ski,0.2310355305671692
0388_processed.mp4,tricycle,0.5645174980163574
0389_processed.mp4,corn,0.2767021358013153
0390_processed.mp4,hand-held computer,0.17544588446617126
0391_processed.mp4,nipple,0.845812201499939
0392_processed.mp4,sandbar,0.3731474280357361
0393_processed.mp4,diaper,0.15708477795124054
0394_processed.mp4,spaghetti squash,0.2224646955728531
0395_processed.mp4,puck,0.9845784902572632
0396_processed.mp4,balance beam,0.43892884254455566
0397_processed.mp4,wok,0.7227235436439514
0398_processed.mp4,gondola,0.09521222114562988
0399_processed.mp4,puck,0.9912374019622803
0400_processed.mp4,red-breasted merganser,0.1327318549156189
0401_processed.mp4,Sussex spaniel,0.33312201499938965
0402_processed.mp4,grocery store,0.059061940759420395
0403_processed.mp4,canoe,0.390105664730072
0404_processed.mp4,snorkel,0.10290950536727905
0405_processed.mp4,fire engine,0.1662207692861557
0406_processed.mp4,warplane,0.12149123102426529
0407_processed.mp4,ski,0.37165194749832153
0408_processed.mp4,dumbbell,0.13611994683742523
0409_processed.mp4,laptop,0.7995560765266418
0410_processed.mp4,stretcher,0.14879000186920166
0411_processed.mp4,spaghetti squash,0.1073477491736412
0412_processed.mp4,barbell,0.3256412744522095
0413_processed.mp4,fountain,0.14353416860103607
0414_processed.mp4,stage,0.2354370802640915
0415_processed.mp4,snowplow,0.23001861572265625
0416_processed.mp4,Angora,0.6707145571708679
0417_processed.mp4,hot pot,0.872434675693512
0418_processed.mp4,lumbermill,0.5601742267608643
0419_processed.mp4,sorrel,0.3303627073764801
0420_processed.mp4,American egret,0.4755830764770508
0421_processed.mp4,flagpole,0.2865179181098938
0422_processed.mp4,paper towel,0.07521552592515945
0423_processed.mp4,carpenter's kit,0.12878136336803436
0424_processed.mp4,Petri dish,0.7185723185539246
0425_processed.mp4,indri,0.230227530002594
0426_processed.mp4,Windsor tie,0.13586726784706116
0427_processed.mp4,sorrel,0.9757851362228394
0428_processed.mp4,sorrel,0.9511148929595947
0429_processed.mp4,ski mask,0.19213365018367767
0430_processed.mp4,hot pot,0.8645875453948975
0431_processed.mp4,electric ray,0.261799156665802
0432_processed.mp4,maypole,0.07741449028253555
0433_processed.mp4,stethoscope,0.24210569262504578
0434_processed.mp4,library,0.18441081047058105
0435_processed.mp4,racer,0.16917985677719116
0436_processed.mp4,beaver,0.06808257102966309
0437_processed.mp4,sorrel,0.26599904894828796
0438_processed.mp4,barracouta,0.28769415616989136
0439_processed.mp4,ski,0.3118768632411957
0440_processed.mp4,Ibizan hound,0.12644365429878235
0441_processed.mp4,restaurant,0.6873355507850647
0442_processed.mp4,wild boar,0.6643877029418945
0443_processed.mp4,loggerhead,0.61641526222229
0444_processed.mp4,basketball,0.2575139105319977
0445_processed.mp4,restaurant,0.10114969313144684
0446_processed.mp4,crate,0.23353783786296844
0447_processed.mp4,pajama,0.5735704898834229
0448_processed.mp4,mountain bike,0.9228382706642151
0449_processed.mp4,sleeping bag,0.6524779796600342
0450_processed.mp4,toyshop,0.8418828248977661
0451_processed.mp4,caldron,0.30493777990341187
0452_processed.mp4,joystick,0.138784259557724
0453_processed.mp4,llama,0.990882396697998
0454_processed.mp4,balance beam,0.4048750698566437
0455_processed.mp4,basketball,0.516170084476471
0456_processed.mp4,volleyball,0.37725305557250977
0457_processed.mp4,cash machine,0.07495217770338058
0458_processed.mp4,Indian elephant,0.8442177772521973
0459_processed.mp4,goose,0.28249120712280273
0460_processed.mp4,swimming trunks,0.32367458939552307
0461_processed.mp4,barbell,0.9665569067001343
0462_processed.mp4,snowmobile,0.25160837173461914
0463_processed.mp4,harvester,0.30889540910720825
0464_processed.mp4,sorrel,0.4286479651927948
0465_processed.mp4,warthog,0.07252766937017441
0466_processed.mp4,sewing machine,0.9997377991676331
0467_processed.mp4,notebook,0.28178074955940247
0468_processed.mp4,yawl,0.6964492797851562
0469_processed.mp4,crib,0.5849912166595459
0470_processed.mp4,speedboat,0.6032265424728394
0471_processed.mp4,swimming trunks,0.5917472839355469
0472_processed.mp4,tow truck,0.2609957456588745
0473_processed.mp4,basset,0.6299168467521667
0474_processed.mp4,toyshop,0.23666997253894806
0475_processed.mp4,toyshop,0.13237346708774567
0476_processed.mp4,croquet ball,0.5706799030303955
0477_processed.mp4,restaurant,0.14851348102092743
0478_processed.mp4,bassoon,0.2144281566143036
0479_processed.mp4,lakeside,0.0479738786816597
0480_processed.mp4,jinrikisha,0.16648511588573456
0481_processed.mp4,balance beam,0.49049338698387146
0482_processed.mp4,cardoon,0.4171026349067688
0483_processed.mp4,snorkel,0.8120064735412598
0484_processed.mp4,diaper,0.1060723215341568
0485_processed.mp4,mountain bike,0.7325391173362732
0486_processed.mp4,overskirt,0.1876687854528427
0487_processed.mp4,theater curtain,0.4636361598968506
0488_processed.mp4,punching bag,0.5858752727508545
0489_processed.mp4,kuvasz,0.7707124948501587
0490_processed.mp4,sea lion,0.15691696107387543
0491_processed.mp4,nipple,0.5272231101989746
0492_processed.mp4,drum,0.30779871344566345
0493_processed.mp4,pajama,0.059751324355602264
0494_processed.mp4,tub,0.5395352244377136
0495_processed.mp4,garbage truck,0.4354700744152069
0496_processed.mp4,water buffalo,0.3272166848182678
0497_processed.mp4,Great Dane,0.7363652586936951
0498_processed.mp4,nipple,0.23144236207008362
0499_processed.mp4,sleeping bag,0.10110664367675781
0500_processed.mp4,unicycle,0.16416145861148834
0501_processed.mp4,candle,0.18240171670913696
0502_processed.mp4,sandbar,0.7005584836006165
0503_processed.mp4,vestment,0.8795768618583679
0504_processed.mp4,worm fence,0.37683606147766113
0505_processed.mp4,plastic bag,0.40842315554618835
0506_processed.mp4,consomme,0.44207292795181274
0507_processed.mp4,acoustic guitar,0.9169666171073914
0508_processed.mp4,paddle,0.24609936773777008
0509_processed.mp4,diaper,0.7055644392967224
0510_processed.mp4,Norwegian elkhound,0.1304074078798294
0511_processed.mp4,potter's wheel,0.3222268223762512
0512_processed.mp4,diaper,0.25191909074783325
0513_processed.mp4,tricycle,0.9975830316543579
0514_processed.mp4,horizontal bar,0.3256910741329193
0515_processed.mp4,ski,0.8206202983856201
0516_processed.mp4,spaghetti squash,0.1898137629032135
0517_processed.mp4,tricycle,0.9989782571792603
0518_processed.mp4,Saluki,0.1524582803249359
0519_processed.mp4,swimming trunks,0.22294758260250092
0520_processed.mp4,goldfish,0.9560402631759644
0521_processed.mp4,parachute,0.6394935846328735
0522_processed.mp4,missile,0.5243300795555115
0523_processed.mp4,nipple,0.2013409435749054
0524_processed.mp4,racket,0.2678662836551666
0525_processed.mp4,toyshop,0.6571140885353088
0526_processed.mp4,sewing machine,0.4186367094516754
0527_processed.mp4,steam locomotive,0.7753689289093018
0528_processed.mp4,seashore,0.5388947129249573
0529_processed.mp4,potter's wheel,0.152776300907135
0530_processed.mp4,Afghan hound,0.13277526199817657
0531_processed.mp4,Afghan hound,0.05286593735218048
0532_processed.mp4,maypole,0.30772221088409424
0533_processed.mp4,scuba diver,0.976241409778595
0534_processed.mp4,cairn,0.270822137594223
0535_processed.mp4,stage,0.9440292716026306
0536_processed.mp4,bathing cap,0.5411028861999512
0537_processed.mp4,tricycle,0.09673530608415604
0538_processed.mp4,parallel bars,0.7918775677680969
0539_processed.mp4,trimaran,0.42766979336738586
0540_processed.mp4,kite,0.3230501413345337
0541_processed.mp4,ballplayer,0.9638593792915344
0542_processed.mp4,German shepherd,0.7348945140838623
0543_processed.mp4,Bouvier des Flandres,0.5314505696296692
0544_processed.mp4,bathing cap,0.7570503950119019
0545_processed.mp4,toyshop,0.12418892234563828
0546_processed.mp4,sorrel,0.9792942404747009
0547_processed.mp4,waffle iron,0.050161153078079224
0548_processed.mp4,drum,0.5638090372085571
0549_processed.mp4,Band Aid,0.1652480810880661
0550_processed.mp4,oboe,0.20893824100494385
0551_processed.mp4,speedboat,0.9991758465766907
0552_processed.mp4,seashore,0.4920738935470581
0553_processed.mp4,plastic bag,0.13706207275390625
0554_processed.mp4,toyshop,0.2371310591697693
0555_processed.mp4,racer,0.4924911558628082
0556_processed.mp4,Mexican hairless,0.9860287308692932
0557_processed.mp4,bow,0.31991609930992126
0558_processed.mp4,Labrador retriever,0.5605995655059814
0559_processed.mp4,acoustic guitar,0.5784222483634949
0560_processed.mp4,bannister,0.9923815131187439
0561_processed.mp4,breastplate,0.18944144248962402
0562_processed.mp4,quill,0.2589641213417053
0563_processed.mp4,steel drum,0.5504761934280396
0564_processed.mp4,sloth bear,0.1315014511346817
0565_processed.mp4,gar,0.33488601446151733
0566_processed.mp4,apron,0.12660111486911774
0567_processed.mp4,vestment,0.29462894797325134
0568_processed.mp4,football helmet,0.9554853439331055
0569_processed.mp4,moped,0.27143293619155884
0570_processed.mp4,parachute,0.19153133034706116
0571_processed.mp4,bathtub,0.3681390583515167
0572_processed.mp4,candle,0.5781183242797852
0573_processed.mp4,wing,0.23705817759037018
0574_processed.mp4,restaurant,0.12360698729753494
0575_processed.mp4,consomme,0.4425436556339264
0576_processed.mp4,hen-of-the-woods,0.28731346130371094
0577_processed.mp4,standard poodle,0.2690669596195221
0578_processed.mp4,space bar,0.12525548040866852
0579_processed.mp4,maypole,0.13251417875289917
0580_processed.mp4,prison,0.07286759465932846
0581_processed.mp4,screen,0.141191765666008
0582_processed.mp4,barracouta,0.04389147832989693
0583_processed.mp4,airliner,0.8726125955581665
0584_processed.mp4,cleaver,0.34823381900787354
0585_processed.mp4,lakeside,0.43503978848457336
0586_processed.mp4,restaurant,0.41540250182151794
0587_processed.mp4,barrel,0.18209002912044525
0588_processed.mp4,cliff,0.7724394798278809
0589_processed.mp4,Great Dane,0.330384761095047
0590_processed.mp4,chow,0.6366010904312134
0591_processed.mp4,volleyball,0.7527971863746643
0592_processed.mp4,carousel,0.5365586876869202
0593_processed.mp4,envelope,0.23930642008781433
0594_processed.mp4,paddle,0.6858278512954712
0595_processed.mp4,shovel,0.6340113282203674
0596_processed.mp4,Band Aid,0.07672873884439468
0597_processed.mp4,cliff,0.5282436609268188
0598_processed.mp4,canoe,0.37786659598350525
0599_processed.mp4,bittern,0.17636506259441376
0600_processed.mp4,lawn mower,0.9890688061714172
0601_processed.mp4,torch,0.45083361864089966
0602_processed.mp4,nipple,0.618646502494812
0603_processed.mp4,peacock,0.9028566479682922
0604_processed.mp4,canoe,0.350913405418396
0605_processed.mp4,stage,0.8981765508651733
0606_processed.mp4,plunger,0.6136605143547058
0607_processed.mp4,bubble,0.3135674297809601
0608_processed.mp4,jellyfish,0.8830664157867432
0609_processed.mp4,monastery,0.33986908197402954
0610_processed.mp4,steel drum,0.36976268887519836
0611_processed.mp4,puck,0.9559671878814697
0612_processed.mp4,scuba diver,0.869874894618988
0613_processed.mp4,ballplayer,0.7932044267654419
0614_processed.mp4,Tibetan mastiff,0.2545716166496277
0615_processed.mp4,toyshop,0.351379930973053
0616_processed.mp4,lakeside,0.2762943506240845
0617_processed.mp4,balance beam,0.027142494916915894
0618_processed.mp4,plow,0.3399580121040344
0619_processed.mp4,suit,0.41741541028022766
0620_processed.mp4,patio,0.37797337770462036
0621_processed.mp4,potter's wheel,0.3252447843551636
0622_processed.mp4,sarong,0.5602293014526367
0623_processed.mp4,pajama,0.13759811222553253
0624_processed.mp4,Blenheim spaniel,0.3877890110015869
0625_processed.mp4,broom,0.26331618428230286
0626_processed.mp4,electric guitar,0.6136294007301331
0627_processed.mp4,pier,0.43698960542678833
0628_processed.mp4,lumbermill,0.15198785066604614
0629_processed.mp4,toyshop,0.3305872082710266
0630_processed.mp4,cloak,0.3416234254837036
0631_processed.mp4,tricycle,0.9991952776908875
0632_processed.mp4,snowplow,0.3083290159702301
0633_processed.mp4,loggerhead,0.6038336753845215
0634_processed.mp4,rain barrel,0.41104772686958313
0635_processed.mp4,otter,0.6877806782722473
0636_processed.mp4,barrow,0.16000404953956604
0637_processed.mp4,steel drum,0.24536533653736115
0638_processed.mp4,volleyball,0.21386396884918213
0639_processed.mp4,goose,0.5289559960365295
0640_processed.mp4,upright,0.8377543091773987
0641_processed.mp4,horizontal bar,0.14550216495990753
0642_processed.mp4,Labrador retriever,0.5050528049468994
0643_processed.mp4,seashore,0.26785537600517273
0644_processed.mp4,puck,0.9231289029121399
0645_processed.mp4,jigsaw puzzle,0.372111439704895
0646_processed.mp4,geyser,0.7952479720115662
0647_processed.mp4,thresher,0.14599020779132843
0648_processed.mp4,passenger car,0.8461979031562805
0649_processed.mp4,studio couch,0.2741491198539734
0650_processed.mp4,barrow,0.24882572889328003
0651_processed.mp4,electric ray,0.8005810379981995
0652_processed.mp4,European gallinule,0.4443923234939575
0653_processed.mp4,sewing machine,0.7412804365158081
0654_processed.mp4,theater curtain,0.26856327056884766
0655_processed.mp4,ski,0.8360354900360107
0656_processed.mp4,sandbar,0.46059298515319824
0657_processed.mp4,bow,0.5038521885871887
0658_processed.mp4,sandbar,0.6075935363769531
0659_processed.mp4,cello,0.3265221118927002
0660_processed.mp4,stretcher,0.07925012707710266
0661_processed.mp4,lakeside,0.1406213492155075
0662_processed.mp4,studio couch,0.281728595495224
0663_processed.mp4,muzzle,0.307449609041214
0664_processed.mp4,jigsaw puzzle,0.14332517981529236
0665_processed.mp4,lakeside,0.3331063687801361
0666_processed.mp4,lakeside,0.6659431457519531
0667_processed.mp4,scuba diver,0.9055777788162231
0668_processed.mp4,ski,0.6872406005859375
0669_processed.mp4,motor scooter,0.5564281940460205
0670_processed.mp4,drilling platform,0.5351794958114624
0671_processed.mp4,American black bear,0.9694418907165527
0672_processed.mp4,brambling,0.59269118309021
0673_processed.mp4,fountain,0.5365665555000305
0674_processed.mp4,red-breasted merganser,0.19161374866962433
0675_processed.mp4,scuba diver,0.5815379619598389
0676_processed.mp4,diaper,0.17645080387592316
0677_processed.mp4,dumbbell,0.2184147983789444
0678_processed.mp4,boxer,0.160020649433136
0679_processed.mp4,seashore,0.09149432927370071
0680_processed.mp4,seashore,0.8257205486297607
0681_processed.mp4,sandbar,0.2663954794406891
0682_processed.mp4,mountain bike,0.13440509140491486
0683_processed.mp4,diaper,0.3511638641357422
0684_processed.mp4,tench,0.4122239053249359
0685_processed.mp4,Maltese dog,0.32508736848831177
0686_processed.mp4,Mexican hairless,0.3071475625038147
0687_processed.mp4,Dandie Dinmont,0.9991440773010254
0688_processed.mp4,horizontal bar,0.5232037305831909
0689_processed.mp4,bicycle-built-for-two,0.31994494795799255
0690_processed.mp4,swing,0.943305492401123
0691_processed.mp4,volleyball,0.600520670413971
0692_processed.mp4,mountain bike,0.9986230134963989
0693_processed.mp4,Egyptian cat,0.5876883268356323
0694_processed.mp4,platypus,0.4190268814563751
0695_processed.mp4,cougar,0.348863422870636
0696_processed.mp4,bearskin,0.9768471121788025
0697_processed.mp4,African crocodile,0.2862754762172699
0698_processed.mp4,unicycle,0.1949726939201355
0699_processed.mp4,frying pan,0.5108991265296936
0700_processed.mp4,wombat,0.40291863679885864
0701_processed.mp4,hot pot,0.47832703590393066
0702_processed.mp4,parallel bars,0.5799804925918579
0703_processed.mp4,nipple,0.2519753873348236
0704_processed.mp4,steel drum,0.9724002480506897
0705_processed.mp4,swimming trunks,0.675995945930481
0706_processed.mp4,hog,0.07422720640897751
0707_processed.mp4,ski,0.7474915981292725
0708_processed.mp4,torch,0.08210717886686325
0709_processed.mp4,potter's wheel,0.38254639506340027
0710_processed.mp4,toyshop,0.11596602946519852
0711_processed.mp4,bassinet,0.06852541118860245
0712_processed.mp4,toyshop,0.2914927303791046
0713_processed.mp4,library,0.2314794510602951
0714_processed.mp4,coral reef,0.2964397072792053
0715_processed.mp4,dam,0.9046564698219299
0716_processed.mp4,electric locomotive,0.7870976328849792
0717_processed.mp4,valley,0.3355039060115814
0718_processed.mp4,volleyball,0.14994558691978455
0719_processed.mp4,ski,0.5689538717269897
0720_processed.mp4,alp,0.30108919739723206
0721_processed.mp4,library,0.16121384501457214
0722_processed.mp4,ballplayer,0.9331101775169373
0723_processed.mp4,Boston bull,0.18771123886108398
0724_processed.mp4,curly-coated retriever,0.10002289712429047
0725_processed.mp4,tractor,0.5594687461853027
0726_processed.mp4,lawn mower,0.6378070712089539
0727_processed.mp4,tennis ball,0.17985087633132935
0728_processed.mp4,balance beam,0.7219994068145752
0729_processed.mp4,electric guitar,0.2929893732070923
0730_processed.mp4,lorikeet,0.5702449083328247
0731_processed.mp4,volleyball,0.4697360396385193
0732_processed.mp4,croquet ball,0.9179892539978027
0733_processed.mp4,dam,0.6775159239768982
0734_processed.mp4,thresher,0.23281866312026978
0735_processed.mp4,amphibian,0.29487040638923645
0736_processed.mp4,geyser,0.5441591143608093
0737_processed.mp4,Persian cat,0.11837851256132126
0738_processed.mp4,upright,0.42407920956611633
0739_processed.mp4,Chihuahua,0.14449281990528107
0740_processed.mp4,mountain bike,0.7251648306846619
0741_processed.mp4,seashore,0.15742839872837067
0742_processed.mp4,cliff,0.6280673146247864
0743_processed.mp4,fox squirrel,0.2692447006702423
0744_processed.mp4,schipperke,0.222417950630188
0745_processed.mp4,ram,0.47263219952583313
0746_processed.mp4,cleaver,0.12585115432739258
0747_processed.mp4,African elephant,0.690683126449585
0748_processed.mp4,academic gown,0.09198249876499176
0749_processed.mp4,horizontal bar,0.15949729084968567
0750_processed.mp4,vestment,0.6325364112854004
0751_processed.mp4,mousetrap,0.1473654955625534
0752_processed.mp4,sunscreen,0.12200169265270233
0753_processed.mp4,Angora,0.10580163449048996
0754_processed.mp4,hair slide,0.11387943476438522
0755_processed.mp4,toyshop,0.3504720628261566
0756_processed.mp4,swing,0.4681622087955475
0757_processed.mp4,bookcase,0.638692319393158
0758_processed.mp4,balloon,0.9998902082443237
0759_processed.mp4,face powder,0.9085567593574524
0760_processed.mp4,hammerhead,0.09758729487657547
0761_processed.mp4,thresher,0.07988813519477844
0762_processed.mp4,Band Aid,0.2759096026420593
0763_processed.mp4,lakeside,0.3265666663646698
0764_processed.mp4,trolleybus,0.14530694484710693
0765_processed.mp4,nipple,0.5336989164352417
0766_processed.mp4,toilet seat,0.48030707240104675
0767_processed.mp4,tricycle,0.32021284103393555
0768_processed.mp4,jeep,0.29793021082878113
0769_processed.mp4,fire screen,0.19881297647953033
0770_processed.mp4,toyshop,0.33467838168144226
0771_processed.mp4,canoe,0.13587991893291473
0772_processed.mp4,balance beam,0.5740931034088135
0773_processed.mp4,kuvasz,0.3416770100593567
0774_processed.mp4,toyshop,0.1582590937614441
0775_processed.mp4,hair slide,0.2808254063129425
0776_processed.mp4,Windsor tie,0.05135310813784599
0777_processed.mp4,drum,0.49431875348091125
0778_processed.mp4,airship,0.5211537480354309
0779_processed.mp4,mountain bike,0.7510542273521423
0780_processed.mp4,potter's wheel,0.7313154339790344
0781_processed.mp4,hotdog,0.13976263999938965
0782_processed.mp4,limousine,0.22153030335903168
0783_processed.mp4,diaper,0.5956735014915466
0784_processed.mp4,ice bear,0.3923853933811188
0785_processed.mp4,seashore,0.07244715094566345
0786_processed.mp4,candle,0.13019542396068573
0787_processed.mp4,Angora,0.33773869276046753
0788_processed.mp4,birdhouse,0.09894759207963943
0789_processed.mp4,toyshop,0.4121776521205902
0790_processed.mp4,giant panda,0.966602087020874
0791_processed.mp4,redbone,0.6493025422096252
0792_processed.mp4,hoopskirt,0.6730737090110779
0793_processed.mp4,swimming trunks,0.6178021430969238
0794_processed.mp4,German shepherd,0.8543953895568848
0795_processed.mp4,balance beam,0.45719367265701294
0796_processed.mp4,scuba diver,0.6319732666015625
0797_processed.mp4,hair spray,0.22023428976535797
0798_processed.mp4,croquet ball,0.5411074757575989
0799_processed.mp4,potter's wheel,0.21034766733646393
0800_processed.mp4,scoreboard,0.9637854099273682
0801_processed.mp4,crossword puzzle,0.5059704780578613
0802_processed.mp4,parallel bars,0.182237446308136
0803_processed.mp4,canoe,0.5985933542251587
0804_processed.mp4,geyser,0.18322570621967316
0805_processed.mp4,bathing cap,0.8400555849075317
0806_processed.mp4,mountain bike,0.07118604332208633
0807_processed.mp4,snorkel,0.4086915850639343
0808_processed.mp4,croquet ball,0.22618289291858673
0809_processed.mp4,maypole,0.6127930879592896
0810_processed.mp4,modem,0.10017971694469452
0811_processed.mp4,warplane,0.4911934733390808
0812_processed.mp4,swimming trunks,0.44081518054008484
0813_processed.mp4,nipple,0.8698973655700684
0814_processed.mp4,Old English sheepdog,0.27204349637031555
0815_processed.mp4,fox squirrel,0.9960099458694458
0816_processed.mp4,bathing cap,0.6972231268882751
0817_processed.mp4,nipple,0.2291453331708908
0818_processed.mp4,wild boar,0.34924301505088806
0819_processed.mp4,racer,0.597166121006012
0820_processed.mp4,basketball,0.19826790690422058
0821_processed.mp4,croquet ball,0.2378217875957489
0822_processed.mp4,balance beam,0.327517569065094
0823_processed.mp4,stretcher,0.3258247971534729
0824_processed.mp4,fox squirrel,0.9879053831100464
0825_processed.mp4,swing,0.14090265333652496
0826_processed.mp4,toyshop,0.8573302626609802
0827_processed.mp4,ear,0.08241006731987
0828_processed.mp4,soccer ball,0.23061077296733856
0829_processed.mp4,valley,0.3905039131641388
0830_processed.mp4,rugby ball,0.19520069658756256
0831_processed.mp4,bathing cap,0.24311590194702148
0832_processed.mp4,tricycle,0.6279597878456116
0833_processed.mp4,Irish water spaniel,0.09951045364141464
0834_processed.mp4,beaker,0.8885176777839661
0835_processed.mp4,basketball,0.8427416086196899
0836_processed.mp4,banjo,0.2190028876066208
0837_processed.mp4,fox squirrel,0.999363124370575
0838_processed.mp4,hen,0.9379637241363525
0839_processed.mp4,lawn mower,0.9280444979667664
0840_processed.mp4,warplane,0.7088609337806702
0841_processed.mp4,toyshop,0.514127790927887
0842_processed.mp4,croquet ball,0.3564866781234741
0843_processed.mp4,worm fence,0.2931749224662781
0844_processed.mp4,valley,0.2359355092048645
0845_processed.mp4,ballplayer,0.8790937662124634
0846_processed.mp4,chime,0.09214293956756592
0847_processed.mp4,potter's wheel,0.16440382599830627
0848_processed.mp4,ski,0.9610203504562378
0849_processed.mp4,snowplow,0.8249155879020691
0850_processed.mp4,keeshond,0.9086871147155762
0851_processed.mp4,oxygen mask,0.08031684160232544
0852_processed.mp4,minibus,0.21997682750225067
0853_processed.mp4,alp,0.5625044107437134
0854_processed.mp4,punching bag,0.4362684488296509
0855_processed.mp4,cradle,0.13924190402030945
0856_processed.mp4,potter's wheel,0.18085065484046936
0857_processed.mp4,thresher,0.3536507189273834
0858_processed.mp4,library,0.28603237867355347
0859_processed.mp4,goose,0.3744859993457794
0860_processed.mp4,library,0.8136691451072693
0861_processed.mp4,puck,0.3476029634475708
0862_processed.mp4,ballplayer,0.12477902323007584
0863_processed.mp4,worm fence,0.09987025707960129
0864_processed.mp4,tow truck,0.2203950583934784
0865_processed.mp4,restaurant,0.8207017779350281
0866_processed.mp4,gyromitra,0.17671871185302734
0867_processed.mp4,carousel,0.28708431124687195
0868_processed.mp4,tricycle,0.7045673727989197
0869_processed.mp4,worm fence,0.2557319700717926
0870_processed.mp4,caldron,0.6901792287826538
0871_processed.mp4,swing,0.9780842661857605
0872_processed.mp4,puck,0.09020204097032547
0873_processed.mp4,potter's wheel,0.7915070056915283
0874_processed.mp4,eggnog,0.361009806394577
0875_processed.mp4,stage,0.24952296912670135
0876_processed.mp4,Arabian camel,0.6022889614105225
0877_processed.mp4,restaurant,0.5995307564735413
0878_processed.mp4,ski,0.5179325342178345
0879_processed.mp4,swing,0.9752076864242554
0880_processed.mp4,geyser,0.9758551716804504
0881_processed.mp4,solar dish,0.3700295388698578
0882_processed.mp4,schipperke,0.4948402941226959
0883_processed.mp4,jack-o'-lantern,0.3193811774253845
0884_processed.mp4,hare,0.3093510568141937
0885_processed.mp4,soccer ball,0.5156819224357605
0886_processed.mp4,tabby,0.27733081579208374
0887_processed.mp4,maypole,0.10139119625091553
0888_processed.mp4,toyshop,0.14287813007831573
0889_processed.mp4,pajama,0.1822061985731125
0890_processed.mp4,forklift,0.338550865650177
0891_processed.mp4,punching bag,0.34420982003211975
0892_processed.mp4,sarong,0.14600659906864166
0893_processed.mp4,English foxhound,0.5173221826553345
0894_processed.mp4,speedboat,0.9527603387832642
0895_processed.mp4,oxcart,0.15304242074489594
0896_processed.mp4,ox,0.8205544948577881
0897_processed.mp4,hamster,0.5711623430252075
0898_processed.mp4,microwave,0.1919180154800415
0899_processed.mp4,cliff,0.9350247383117676
0900_processed.mp4,mountain bike,0.30833518505096436
0901_processed.mp4,whistle,0.3435041308403015
0902_processed.mp4,potter's wheel,0.5570366978645325
0903_processed.mp4,steel arch bridge,0.9855782389640808
0904_processed.mp4,speedboat,0.5767388343811035
0905_processed.mp4,abaya,0.09390445053577423
0906_processed.mp4,ski,0.59975665807724
0907_processed.mp4,prison,0.2074526995420456
0908_processed.mp4,ski,0.15915459394454956
0909_processed.mp4,restaurant,0.22884130477905273
0910_processed.mp4,canoe,0.6183363199234009
0911_processed.mp4,bee,0.8767211437225342
0912_processed.mp4,garbage truck,0.15408289432525635
0913_processed.mp4,barbershop,0.15781360864639282
0914_processed.mp4,speedboat,0.4989399313926697
0915_processed.mp4,balance beam,0.4093693196773529
0916_processed.mp4,speedboat,0.7480202317237854
0917_processed.mp4,seashore,0.49898627400398254
0918_processed.mp4,American egret,0.9706436395645142
0919_processed.mp4,garbage truck,0.2330385148525238
0920_processed.mp4,basketball,0.6407904028892517
0921_processed.mp4,croquet ball,0.523038387298584
0922_processed.mp4,milk can,0.1829463690519333
0923_processed.mp4,cradle,0.23572449386119843
0924_processed.mp4,lumbermill,0.48732998967170715
0925_processed.mp4,canoe,0.4633089005947113
0926_processed.mp4,nipple,0.19210182130336761
0927_processed.mp4,switch,0.6322062611579895
0928_processed.mp4,hot pot,0.6329692006111145
0929_processed.mp4,Mexican hairless,0.4718470871448517
0930_processed.mp4,racer,0.17258547246456146
0931_processed.mp4,speedboat,0.2476443648338318
0932_processed.mp4,lakeside,0.3447073698043823
0933_processed.mp4,scuba diver,0.8932604789733887
0934_processed.mp4,potter's wheel,0.12288442254066467
0935_processed.mp4,racer,0.16392073035240173
0936_processed.mp4,consomme,0.3744542598724365
0937_processed.mp4,sorrel,0.9951282739639282
0938_processed.mp4,Bernese mountain dog,0.39930084347724915
0939_processed.mp4,library,0.11327565461397171
0940_processed.mp4,ballplayer,0.7506770491600037
0941_processed.mp4,desk,0.12582257390022278
0942_processed.mp4,snowmobile,0.3232908844947815
0943_processed.mp4,maypole,0.17002558708190918
0944_processed.mp4,croquet ball,0.9851104021072388
0945_processed.mp4,paintbrush,0.4522583782672882
0946_processed.mp4,red-breasted merganser,0.7666510343551636
0947_processed.mp4,electric ray,0.1884206235408783
0948_processed.mp4,cliff,0.91816246509552
0949_processed.mp4,dingo,0.5493206977844238
0950_processed.mp4,ballplayer,0.9575353264808655
0951_processed.mp4,swing,0.24088537693023682
0952_processed.mp4,catamaran,0.2701525092124939
0953_processed.mp4,giant panda,0.9037039875984192
0954_processed.mp4,theater curtain,0.7553321123123169
0955_processed.mp4,grand piano,0.5174998641014099
0956_processed.mp4,racer,0.14911551773548126
0957_processed.mp4,Polaroid camera,0.5732889175415039
0958_processed.mp4,barbell,0.9068048000335693
0959_processed.mp4,promontory,0.2462386190891266
0960_processed.mp4,parachute,0.17837224900722504
0961_processed.mp4,valley,0.19467544555664062
0962_processed.mp4,parachute,0.8018218278884888
0963_processed.mp4,swing,0.1833477020263672
0964_processed.mp4,fireboat,0.6824520826339722
0965_processed.mp4,speedboat,0.8450419306755066
0966_processed.mp4,lakeside,0.31209078431129456
0967_processed.mp4,axolotl,0.08935368061065674
0968_processed.mp4,yurt,0.2151811718940735
0969_processed.mp4,tank,0.24695147573947906
0970_processed.mp4,lion,0.9570997357368469
0971_processed.mp4,container ship,0.3948574364185333
0972_processed.mp4,volleyball,0.5410225987434387
0973_processed.mp4,ski mask,0.9771396517753601
0974_processed.mp4,bearskin,0.7968423366546631
0975_processed.mp4,horse cart,0.6157962679862976
0976_processed.mp4,ballplayer,0.1826789528131485
0977_processed.mp4,dome,0.16794346272945404
0978_processed.mp4,can opener,0.32932084798812866
0979_processed.mp4,crossword puzzle,0.4294235110282898
0980_processed.mp4,harvester,0.9064242839813232
0981_processed.mp4,valley,0.13890080153942108
0982_processed.mp4,cliff,0.8278689980506897
0983_processed.mp4,axolotl,0.37866872549057007
0984_processed.mp4,Windsor tie,0.23227810859680176
0985_processed.mp4,speedboat,0.31841784715652466
0986_processed.mp4,speedboat,0.29089102149009705
0987_processed.mp4,moving van,0.09103146940469742
0988_processed.mp4,Band Aid,0.1162647008895874
0989_processed.mp4,handkerchief,0.28091901540756226
0990_processed.mp4,dogsled,0.17723368108272552
0991_processed.mp4,vizsla,0.4964665174484253
0992_processed.mp4,mountain bike,0.24196898937225342
0993_processed.mp4,basketball,0.38355377316474915
0994_processed.mp4,balance beam,0.3167124390602112
0995_processed.mp4,grey fox,0.6180689334869385
0996_processed.mp4,mousetrap,0.14196562767028809
0997_processed.mp4,Scotch terrier,0.6871604323387146
0998_processed.mp4,vacuum,0.18698495626449585
0999_processed.mp4,balance beam,0.09031310677528381
1000_processed.mp4,loupe,0.40229836106300354
1001_processed.mp4,tow truck,0.25918686389923096
1002_processed.mp4,whistle,0.6866344809532166
1003_processed.mp4,volcano,0.9553086161613464
1004_processed.mp4,stretcher,0.36812418699264526
1005_processed.mp4,nipple,0.35638976097106934
1006_processed.mp4,black grouse,0.27045729756355286
1007_processed.mp4,punching bag,0.35894468426704407
1008_processed.mp4,sandbar,0.3683990240097046
1009_processed.mp4,bearskin,0.6332418322563171
1010_processed.mp4,Norwich terrier,0.34780094027519226
1011_processed.mp4,vestment,0.1402253657579422
1012_processed.mp4,Scottish deerhound,0.32017961144447327
1013_processed.mp4,croquet ball,0.45584672689437866
1014_processed.mp4,croquet ball,0.53705233335495
1015_processed.mp4,coral reef,0.8735597133636475
1016_processed.mp4,parachute,0.43309131264686584
1017_processed.mp4,stage,0.41224682331085205
1018_processed.mp4,potter's wheel,0.9998985528945923
1019_processed.mp4,tobacco shop,0.13966363668441772
1020_processed.mp4,Staffordshire bullterrier,0.26446202397346497
1021_processed.mp4,spaghetti squash,0.669990599155426
1022_processed.mp4,crossword puzzle,0.37558504939079285
1023_processed.mp4,brown bear,0.960941731929779
1024_processed.mp4,broom,0.4295467734336853
1025_processed.mp4,giant panda,0.9691964983940125
1026_processed.mp4,racer,0.4701637625694275
1027_processed.mp4,restaurant,0.5614122748374939
1028_processed.mp4,potter's wheel,0.09575463086366653
1029_processed.mp4,water ouzel,0.6351551413536072
1030_processed.mp4,barbell,0.7355695962905884
1031_processed.mp4,swing,0.9448268413543701
1032_processed.mp4,valley,0.48794227838516235
1033_processed.mp4,altar,0.2568994164466858
1034_processed.mp4,toyshop,0.7306535840034485
1035_processed.mp4,fox squirrel,0.20322521030902863
1036_processed.mp4,muzzle,0.1558094471693039
1037_processed.mp4,yawl,0.9940243363380432
1038_processed.mp4,pajama,0.245660662651062
1039_processed.mp4,potter's wheel,0.6829585433006287
1040_processed.mp4,Mexican hairless,0.5570957660675049
1041_processed.mp4,ballplayer,0.8248649835586548
1042_processed.mp4,volleyball,0.6581211686134338
1043_processed.mp4,bald eagle,0.9786142706871033
1044_processed.mp4,English foxhound,0.5471032857894897
1045_processed.mp4,maypole,0.1759616732597351
1046_processed.mp4,paddle,0.43908485770225525
1047_processed.mp4,maillot,0.32748326659202576
1048_processed.mp4,toyshop,0.11049578338861465
1049_processed.mp4,maypole,0.1530018448829651
1050_processed.mp4,ski,0.4497236907482147
1051_processed.mp4,redbone,0.354466050863266
1052_processed.mp4,maypole,0.11231338977813721
1053_processed.mp4,carousel,0.27152353525161743
1054_processed.mp4,coral reef,0.7006990313529968
1055_processed.mp4,American lobster,0.6408260464668274
1056_processed.mp4,parallel bars,0.11634986102581024
1057_processed.mp4,green mamba,0.3757767975330353
1058_processed.mp4,bikini,0.3528020977973938
1059_processed.mp4,pajama,0.4925015866756439
1060_processed.mp4,sandbar,0.17971763014793396
1061_processed.mp4,ski,0.9991617202758789
1062_processed.mp4,French bulldog,0.28706979751586914
1063_processed.mp4,sewing machine,0.924804151058197
1064_processed.mp4,bloodhound,0.2537744641304016
1065_processed.mp4,amphibian,0.5543331503868103
1066_processed.mp4,soccer ball,0.1962510496377945
1067_processed.mp4,oxygen mask,0.6925531625747681
1068_processed.mp4,potter's wheel,0.9769452810287476
1069_processed.mp4,frying pan,0.5341887474060059
1070_processed.mp4,snowmobile,0.45927268266677856
1071_processed.mp4,prison,0.07905536144971848
1072_processed.mp4,potter's wheel,0.12757651507854462
1073_processed.mp4,horizontal bar,0.05975443124771118
1074_processed.mp4,seat belt,0.9609547257423401
1075_processed.mp4,bannister,0.9116379618644714
1076_processed.mp4,maypole,0.9471263289451599
1077_processed.mp4,ox,0.5683159232139587
1078_processed.mp4,snorkel,0.8903875350952148
1079_processed.mp4,guillotine,0.2219594419002533
1080_processed.mp4,tub,0.227344810962677
1081_processed.mp4,thresher,0.6985985040664673
1082_processed.mp4,neck brace,0.39381977915763855
1083_processed.mp4,valley,0.33127233386039734
1084_processed.mp4,sulphur-crested cockatoo,0.9363188743591309
1085_processed.mp4,mongoose,0.26327571272850037
1086_processed.mp4,porcupine,0.9983586668968201
1087_processed.mp4,crib,0.6655369997024536
1088_processed.mp4,swing,0.8004095554351807
1089_processed.mp4,notebook,0.33589527010917664
1090_processed.mp4,bicycle-built-for-two,0.16281184554100037
1091_processed.mp4,sorrel,0.9961677193641663
1092_processed.mp4,bobsled,0.2028777003288269
1093_processed.mp4,table lamp,0.33549660444259644
1094_processed.mp4,balance beam,0.820437490940094
1095_processed.mp4,parallel bars,0.577898383140564
1096_processed.mp4,screwdriver,0.24120715260505676
1097_processed.mp4,mud turtle,0.6517757773399353
1098_processed.mp4,beaker,0.29186856746673584
1099_processed.mp4,speedboat,0.8280436396598816
1100_processed.mp4,lab coat,0.26387444138526917
1101_processed.mp4,Newfoundland,0.1626104861497879
1102_processed.mp4,lawn mower,0.19696076214313507
